session_id,mechanism,noise_multiplier,l2_before,l2_after,distortion_ratio,silhouette_score,accuracy,precision,recall,f1,mae,dp_update_uri,dp_receipt,dp_receipt_uri,mode,explain_uri,retrieval_avg_latency_ms,retrieval_median_latency_ms,retrieval_k
sess-1781634001,gaussian,0.0,11.344788551330566,1.0000004768371582,0.08814624197043562,0.6559565239918271,1.0,0.0,0.0,0.0,1.320428729057312,file://secure_store\local_updates\dp_gaussian_1781634006263.pt.enc,"{""agent"": ""dp-agent"", ""session_id"": ""sess-1781634001"", ""operation"": ""dp_process_update"", ""params"": {""clip_norm"": 1.0, ""clip_applied"": true, ""noise_multiplier"": 0.0, ""mechanism"": ""gaussian"", ""l2_norm_before"": 11.344788551330566, ""l2_norm_after"": 1.0000004768371582, ""parent_receipt"": null}, ""outputs"": [""file://secure_store\\local_updates\\dp_gaussian_1781634006263.pt.enc""], ""timestamp"": ""2026-06-16T18:20:06.290675Z"", ""signature"": ""y6Ef1zTlh6xgdrY2VBB3Mwm8GBhzJgP0KhHTcOdrO+w=""}",file://C:\Users\DELL\Desktop\pipeline backup\BE-Major-Project\receipts\receipt_09e8f37beee94d5b919bd6c3e10c1fb0.json,base,C:\Users\DELL\Desktop\pipeline backup\BE-Major-Project\explain_logs\base_explain_1781634006246.txt,,,
sess-1781634001,gaussian,0.5,11.344788551330566,271.759765625,23.9545906361712,0.6614651639101047,1.0,0.0,0.0,0.0,1.320428729057312,file://secure_store\local_updates\dp_gaussian_1781634006309.pt.enc,"{""agent"": ""dp-agent"", ""session_id"": ""sess-1781634001"", ""operation"": ""dp_process_update"", ""params"": {""clip_norm"": 1.0, ""clip_applied"": true, ""noise_multiplier"": 0.5, ""mechanism"": ""gaussian"", ""l2_norm_before"": 11.344788551330566, ""l2_norm_after"": 271.759765625, ""parent_receipt"": null}, ""outputs"": [""file://secure_store\\local_updates\\dp_gaussian_1781634006309.pt.enc""], ""timestamp"": ""2026-06-16T18:20:06.334637Z"", ""signature"": ""xBXCgHNwEEPF6awojB7Cd/DmYYCGBf26IAKaA9yi8BY=""}",file://C:\Users\DELL\Desktop\pipeline backup\BE-Major-Project\receipts\receipt_7c8b08ffe0cb44a1aa0b7f66774669d6.json,base,C:\Users\DELL\Desktop\pipeline backup\BE-Major-Project\explain_logs\base_explain_1781634006246.txt,,,
sess-1781634001,gaussian,1.0,11.344788551330566,543.4938354492188,47.90691628514914,0.6397034705652777,1.0,0.0,0.0,0.0,1.320428729057312,file://secure_store\local_updates\dp_gaussian_1781634006349.pt.enc,"{""agent"": ""dp-agent"", ""session_id"": ""sess-1781634001"", ""operation"": ""dp_process_update"", ""params"": {""clip_norm"": 1.0, ""clip_applied"": true, ""noise_multiplier"": 1.0, ""mechanism"": ""gaussian"", ""l2_norm_before"": 11.344788551330566, ""l2_norm_after"": 543.4938354492188, ""parent_receipt"": null}, ""outputs"": [""file://secure_store\\local_updates\\dp_gaussian_1781634006349.pt.enc""], ""timestamp"": ""2026-06-16T18:20:06.373552Z"", ""signature"": ""B7GDF1s0RUExAVtL38Q+twCTjobe/Y2TF2o3Du03UKc=""}",file://C:\Users\DELL\Desktop\pipeline backup\BE-Major-Project\receipts\receipt_657524447fef4778b68142cb203753f9.json,base,C:\Users\DELL\Desktop\pipeline backup\BE-Major-Project\explain_logs\base_explain_1781634006246.txt,,,
sess-1781634001,gaussian,1.5,11.344788551330566,814.7562866210938,71.8176705421026,0.6615339684559829,1.0,0.0,0.0,0.0,1.320428729057312,file://secure_store\local_updates\dp_gaussian_1781634006388.pt.enc,"{""agent"": ""dp-agent"", ""session_id"": ""sess-1781634001"", ""operation"": ""dp_process_update"", ""params"": {""clip_norm"": 1.0, ""clip_applied"": true, ""noise_multiplier"": 1.5, ""mechanism"": ""gaussian"", ""l2_norm_before"": 11.344788551330566, ""l2_norm_after"": 814.7562866210938, ""parent_receipt"": null}, ""outputs"": [""file://secure_store\\local_updates\\dp_gaussian_1781634006388.pt.enc""], ""timestamp"": ""2026-06-16T18:20:06.415783Z"", ""signature"": ""I9sixvUFw3aAc9TlflgANHnZ7vKg7icMNXy49HxQX6s=""}",file://C:\Users\DELL\Desktop\pipeline backup\BE-Major-Project\receipts\receipt_4e44d0d7b2c644f2a9790fa738aa8faf.json,base,C:\Users\DELL\Desktop\pipeline backup\BE-Major-Project\explain_logs\base_explain_1781634006246.txt,,,
sess-1781634001,gaussian,2.0,11.344788551330566,1089.369140625,96.02375007696466,0.6322067576150235,1.0,0.0,0.0,0.0,1.320428729057312,file://secure_store\local_updates\dp_gaussian_1781634006429.pt.enc,"{""agent"": ""dp-agent"", ""session_id"": ""sess-1781634001"", ""operation"": ""dp_process_update"", ""params"": {""clip_norm"": 1.0, ""clip_applied"": true, ""noise_multiplier"": 2.0, ""mechanism"": ""gaussian"", ""l2_norm_before"": 11.344788551330566, ""l2_norm_after"": 1089.369140625, ""parent_receipt"": null}, ""outputs"": [""file://secure_store\\local_updates\\dp_gaussian_1781634006429.pt.enc""], ""timestamp"": ""2026-06-16T18:20:06.463031Z"", ""signature"": ""5ArmV4rynZ6UcwVmd+xtQPZrC99bfbkAy+8QsPE0iYc=""}",file://C:\Users\DELL\Desktop\pipeline backup\BE-Major-Project\receipts\receipt_fb961b05444c4cccbb4dda2514d47f20.json,base,C:\Users\DELL\Desktop\pipeline backup\BE-Major-Project\explain_logs\base_explain_1781634006246.txt,,,
sess-1781634001,laplace,0.0,11.344788551330566,1.0000004768371582,0.08814624197043562,0.640102706291188,1.0,0.0,0.0,0.0,1.320428729057312,file://secure_store\local_updates\dp_laplace_1781634006474.pt.enc,"{""agent"": ""dp-agent"", ""session_id"": ""sess-1781634001"", ""operation"": ""dp_process_update"", ""params"": {""clip_norm"": 1.0, ""clip_applied"": true, ""noise_multiplier"": 0.0, ""mechanism"": ""laplace"", ""l2_norm_before"": 11.344788551330566, ""l2_norm_after"": 1.0000004768371582, ""parent_receipt"": null}, ""outputs"": [""file://secure_store\\local_updates\\dp_laplace_1781634006474.pt.enc""], ""timestamp"": ""2026-06-16T18:20:06.498743Z"", ""signature"": ""BzWea/E4Jcdr1+j/oNoYX1AYNTM0TlD2u9MgLFQiLUc=""}",file://C:\Users\DELL\Desktop\pipeline backup\BE-Major-Project\receipts\receipt_c30da02343a44066af539ab2c4cda75a.json,base,C:\Users\DELL\Desktop\pipeline backup\BE-Major-Project\explain_logs\base_explain_1781634006246.txt,,,
sess-1781634001,laplace,0.5,11.344788551330566,384.4424133300781,33.88713783044479,0.6452592196575009,1.0,0.0,0.0,0.0,1.320428729057312,file://secure_store\local_updates\dp_laplace_1781634006518.pt.enc,"{""agent"": ""dp-agent"", ""session_id"": ""sess-1781634001"", ""operation"": ""dp_process_update"", ""params"": {""clip_norm"": 1.0, ""clip_applied"": true, ""noise_multiplier"": 0.5, ""mechanism"": ""laplace"", ""l2_norm_before"": 11.344788551330566, ""l2_norm_after"": 384.4424133300781, ""parent_receipt"": null}, ""outputs"": [""file://secure_store\\local_updates\\dp_laplace_1781634006518.pt.enc""], ""timestamp"": ""2026-06-16T18:20:06.542341Z"", ""signature"": ""GiRrOJe44Jx2F13d4DGKDz2DshNc1GyVZLC/OIlKtyM=""}",file://C:\Users\DELL\Desktop\pipeline backup\BE-Major-Project\receipts\receipt_24f90501751446569a415695d2dfd99f.json,base,C:\Users\DELL\Desktop\pipeline backup\BE-Major-Project\explain_logs\base_explain_1781634006246.txt,,,
sess-1781634001,laplace,1.0,11.344788551330566,766.7421264648438,67.58540478106411,0.6488262981221383,1.0,0.0,0.0,0.0,1.320428729057312,file://secure_store\local_updates\dp_laplace_1781634006568.pt.enc,"{""agent"": ""dp-agent"", ""session_id"": ""sess-1781634001"", ""operation"": ""dp_process_update"", ""params"": {""clip_norm"": 1.0, ""clip_applied"": true, ""noise_multiplier"": 1.0, ""mechanism"": ""laplace"", ""l2_norm_before"": 11.344788551330566, ""l2_norm_after"": 766.7421264648438, ""parent_receipt"": null}, ""outputs"": [""file://secure_store\\local_updates\\dp_laplace_1781634006568.pt.enc""], ""timestamp"": ""2026-06-16T18:20:06.601339Z"", ""signature"": ""pQ/V2nhN3CObdsv8vvQP0PBxxCsr6nnaHeeMt2ZxJQ4=""}",file://C:\Users\DELL\Desktop\pipeline backup\BE-Major-Project\receipts\receipt_edbe020966ca49e2918febf3324e502e.json,base,C:\Users\DELL\Desktop\pipeline backup\BE-Major-Project\explain_logs\base_explain_1781634006246.txt,,,
sess-1781634001,laplace,1.5,11.344788551330566,1152.5758056640625,101.59517741097856,0.6415248522219088,1.0,0.0,0.0,0.0,1.320428729057312,file://secure_store\local_updates\dp_laplace_1781634006618.pt.enc,"{""agent"": ""dp-agent"", ""session_id"": ""sess-1781634001"", ""operation"": ""dp_process_update"", ""params"": {""clip_norm"": 1.0, ""clip_applied"": true, ""noise_multiplier"": 1.5, ""mechanism"": ""laplace"", ""l2_norm_before"": 11.344788551330566, ""l2_norm_after"": 1152.5758056640625, ""parent_receipt"": null}, ""outputs"": [""file://secure_store\\local_updates\\dp_laplace_1781634006618.pt.enc""], ""timestamp"": ""2026-06-16T18:20:06.644201Z"", ""signature"": ""wlNDmETn/3tcBsNgNi72vagDcvYsMl9K06JeiE5bU5E=""}",file://C:\Users\DELL\Desktop\pipeline backup\BE-Major-Project\receipts\receipt_6f35feab9d1d47908f241eaa60cf9bdd.json,base,C:\Users\DELL\Desktop\pipeline backup\BE-Major-Project\explain_logs\base_explain_1781634006246.txt,,,
sess-1781634001,laplace,2.0,11.344788551330566,1540.593994140625,135.79750623242245,0.6530326836748341,1.0,0.0,0.0,0.0,1.320428729057312,file://secure_store\local_updates\dp_laplace_1781634006661.pt.enc,"{""agent"": ""dp-agent"", ""session_id"": ""sess-1781634001"", ""operation"": ""dp_process_update"", ""params"": {""clip_norm"": 1.0, ""clip_applied"": true, ""noise_multiplier"": 2.0, ""mechanism"": ""laplace"", ""l2_norm_before"": 11.344788551330566, ""l2_norm_after"": 1540.593994140625, ""parent_receipt"": null}, ""outputs"": [""file://secure_store\\local_updates\\dp_laplace_1781634006661.pt.enc""], ""timestamp"": ""2026-06-16T18:20:06.687952Z"", ""signature"": ""JFvnEAJyNTHa+bSdB/CJOMg/m8Jf8Z6uV2hR3Hdt9ps=""}",file://C:\Users\DELL\Desktop\pipeline backup\BE-Major-Project\receipts\receipt_b2ed970123f74aa5aa212d7241535fb3.json,base,C:\Users\DELL\Desktop\pipeline backup\BE-Major-Project\explain_logs\base_explain_1781634006246.txt,,,
sess-1781634001,uniform,0.0,11.344788551330566,1.0000004768371582,0.08814624197043562,0.6517140991124482,1.0,0.0,0.0,0.0,1.320428729057312,file://secure_store\local_updates\dp_uniform_1781634006699.pt.enc,"{""agent"": ""dp-agent"", ""session_id"": ""sess-1781634001"", ""operation"": ""dp_process_update"", ""params"": {""clip_norm"": 1.0, ""clip_applied"": true, ""noise_multiplier"": 0.0, ""mechanism"": ""uniform"", ""l2_norm_before"": 11.344788551330566, ""l2_norm_after"": 1.0000004768371582, ""parent_receipt"": null}, ""outputs"": [""file://secure_store\\local_updates\\dp_uniform_1781634006699.pt.enc""], ""timestamp"": ""2026-06-16T18:20:06.727694Z"", ""signature"": ""4mv+ZmyFQFQHlrc5aTCariVeCqV4h3zM7OP6SVAc/jo=""}",file://C:\Users\DELL\Desktop\pipeline backup\BE-Major-Project\receipts\receipt_8eebd48290a94b4582f180d1b1c14ad2.json,base,C:\Users\DELL\Desktop\pipeline backup\BE-Major-Project\explain_logs\base_explain_1781634006246.txt,,,
sess-1781634001,uniform,0.5,11.344788551330566,156.88699340820312,13.828992288796227,0.6610003087878106,1.0,0.0,0.0,0.0,1.320428729057312,file://secure_store\local_updates\dp_uniform_1781634006740.pt.enc,"{""agent"": ""dp-agent"", ""session_id"": ""sess-1781634001"", ""operation"": ""dp_process_update"", ""params"": {""clip_norm"": 1.0, ""clip_applied"": true, ""noise_multiplier"": 0.5, ""mechanism"": ""uniform"", ""l2_norm_before"": 11.344788551330566, ""l2_norm_after"": 156.88699340820312, ""parent_receipt"": null}, ""outputs"": [""file://secure_store\\local_updates\\dp_uniform_1781634006740.pt.enc""], ""timestamp"": ""2026-06-16T18:20:06.768283Z"", ""signature"": ""BebrhgOLVmA8GlJDgNFvyzG0tXQ18ww2KW2+d5/a95E=""}",file://C:\Users\DELL\Desktop\pipeline backup\BE-Major-Project\receipts\receipt_76cb487dc78247b98f17421f5063692a.json,base,C:\Users\DELL\Desktop\pipeline backup\BE-Major-Project\explain_logs\base_explain_1781634006246.txt,,,
sess-1781634001,uniform,1.0,11.344788551330566,314.0387268066406,27.681320401703516,0.6438805513131737,1.0,0.0,0.0,0.0,1.320428729057312,file://secure_store\local_updates\dp_uniform_1781634006782.pt.enc,"{""agent"": ""dp-agent"", ""session_id"": ""sess-1781634001"", ""operation"": ""dp_process_update"", ""params"": {""clip_norm"": 1.0, ""clip_applied"": true, ""noise_multiplier"": 1.0, ""mechanism"": ""uniform"", ""l2_norm_before"": 11.344788551330566, ""l2_norm_after"": 314.0387268066406, ""parent_receipt"": null}, ""outputs"": [""file://secure_store\\local_updates\\dp_uniform_1781634006782.pt.enc""], ""timestamp"": ""2026-06-16T18:20:06.807235Z"", ""signature"": ""vPwgkwHi5nLSbPXP7h0vuVOJ44qfvQ6ibL5yssyCzho=""}",file://C:\Users\DELL\Desktop\pipeline backup\BE-Major-Project\receipts\receipt_40c740e02c2440eeafb3b5bb7c234986.json,base,C:\Users\DELL\Desktop\pipeline backup\BE-Major-Project\explain_logs\base_explain_1781634006246.txt,,,
sess-1781634001,uniform,1.5,11.344788551330566,471.0252685546875,41.51908749836721,0.635999413027895,1.0,0.0,0.0,0.0,1.320428729057312,file://secure_store\local_updates\dp_uniform_1781634006830.pt.enc,"{""agent"": ""dp-agent"", ""session_id"": ""sess-1781634001"", ""operation"": ""dp_process_update"", ""params"": {""clip_norm"": 1.0, ""clip_applied"": true, ""noise_multiplier"": 1.5, ""mechanism"": ""uniform"", ""l2_norm_before"": 11.344788551330566, ""l2_norm_after"": 471.0252685546875, ""parent_receipt"": null}, ""outputs"": [""file://secure_store\\local_updates\\dp_uniform_1781634006830.pt.enc""], ""timestamp"": ""2026-06-16T18:20:06.856235Z"", ""signature"": ""EXNdgB1Cbz0YjrYr5eY+uQf+62NYksMPr29DXA2AMJw=""}",file://C:\Users\DELL\Desktop\pipeline backup\BE-Major-Project\receipts\receipt_db31ee0f59734028a6887415768a769b.json,base,C:\Users\DELL\Desktop\pipeline backup\BE-Major-Project\explain_logs\base_explain_1781634006246.txt,,,
sess-1781634001,uniform,2.0,11.344788551330566,627.5703125,55.31793824143843,0.6389469060206519,1.0,0.0,0.0,0.0,1.320428729057312,file://secure_store\local_updates\dp_uniform_1781634006876.pt.enc,"{""agent"": ""dp-agent"", ""session_id"": ""sess-1781634001"", ""operation"": ""dp_process_update"", ""params"": {""clip_norm"": 1.0, ""clip_applied"": true, ""noise_multiplier"": 2.0, ""mechanism"": ""uniform"", ""l2_norm_before"": 11.344788551330566, ""l2_norm_after"": 627.5703125, ""parent_receipt"": null}, ""outputs"": [""file://secure_store\\local_updates\\dp_uniform_1781634006876.pt.enc""], ""timestamp"": ""2026-06-16T18:20:06.904355Z"", ""signature"": ""RKmvBjBFeQJ1lu6IoyIly/6mYjXyWQhqoOFHMQlaZvc=""}",file://C:\Users\DELL\Desktop\pipeline backup\BE-Major-Project\receipts\receipt_784ef5ac0abb42f48c0fda38477f407b.json,base,C:\Users\DELL\Desktop\pipeline backup\BE-Major-Project\explain_logs\base_explain_1781634006246.txt,,,
sess-1781634001,exponential,0.0,11.344788551330566,1.0000004768371582,0.08814624197043562,0.6467688269265203,1.0,0.0,0.0,0.0,1.320428729057312,file://secure_store\local_updates\dp_exponential_1781634006917.pt.enc,"{""agent"": ""dp-agent"", ""session_id"": ""sess-1781634001"", ""operation"": ""dp_process_update"", ""params"": {""clip_norm"": 1.0, ""clip_applied"": true, ""noise_multiplier"": 0.0, ""mechanism"": ""exponential"", ""l2_norm_before"": 11.344788551330566, ""l2_norm_after"": 1.0000004768371582, ""parent_receipt"": null}, ""outputs"": [""file://secure_store\\local_updates\\dp_exponential_1781634006917.pt.enc""], ""timestamp"": ""2026-06-16T18:20:06.985622Z"", ""signature"": ""Idcw67rIF3Zb2MCJKSG+TF7VeVoQbRbfJcGVpN19xB8=""}",file://C:\Users\DELL\Desktop\pipeline backup\BE-Major-Project\receipts\receipt_500df55149ac4ba9b9e48a3469061218.json,base,C:\Users\DELL\Desktop\pipeline backup\BE-Major-Project\explain_logs\base_explain_1781634006246.txt,,,
sess-1781634001,exponential,0.5,11.344788551330566,1539.4156494140625,135.69363962255775,0.6406945636187189,1.0,0.0,0.0,0.0,1.320428729057312,file://secure_store\local_updates\dp_exponential_1781634007027.pt.enc,"{""agent"": ""dp-agent"", ""session_id"": ""sess-1781634001"", ""operation"": ""dp_process_update"", ""params"": {""clip_norm"": 1.0, ""clip_applied"": true, ""noise_multiplier"": 0.5, ""mechanism"": ""exponential"", ""l2_norm_before"": 11.344788551330566, ""l2_norm_after"": 1539.4156494140625, ""parent_receipt"": null}, ""outputs"": [""file://secure_store\\local_updates\\dp_exponential_1781634007027.pt.enc""], ""timestamp"": ""2026-06-16T18:20:07.061139Z"", ""signature"": ""vHft9XAcSga4pVnRAUDdvPfoFg+TQ3OdmzCFlZDqKeo=""}",file://C:\Users\DELL\Desktop\pipeline backup\BE-Major-Project\receipts\receipt_011b86bfe9124ae1851a8b7f7a5b2d41.json,base,C:\Users\DELL\Desktop\pipeline backup\BE-Major-Project\explain_logs\base_explain_1781634006246.txt,,,
sess-1781634001,exponential,1.0,11.344788551330566,767.2032470703125,67.62605081014978,0.641169768117006,1.0,0.0,0.0,0.0,1.320428729057312,file://secure_store\local_updates\dp_exponential_1781634007087.pt.enc,"{""agent"": ""dp-agent"", ""session_id"": ""sess-1781634001"", ""operation"": ""dp_process_update"", ""params"": {""clip_norm"": 1.0, ""clip_applied"": true, ""noise_multiplier"": 1.0, ""mechanism"": ""exponential"", ""l2_norm_before"": 11.344788551330566, ""l2_norm_after"": 767.2032470703125, ""parent_receipt"": null}, ""outputs"": [""file://secure_store\\local_updates\\dp_exponential_1781634007087.pt.enc""], ""timestamp"": ""2026-06-16T18:20:07.115273Z"", ""signature"": ""DZrRzPWAe+qHENY077ziCqnxoOqfMvxHN3V9fHgeguM=""}",file://C:\Users\DELL\Desktop\pipeline backup\BE-Major-Project\receipts\receipt_1e8fb0ae37484a66a7c06c6f01770ad2.json,base,C:\Users\DELL\Desktop\pipeline backup\BE-Major-Project\explain_logs\base_explain_1781634006246.txt,,,
sess-1781634001,exponential,1.5,11.344788551330566,514.572509765625,45.35761132894064,0.6493146362861056,1.0,0.0,0.0,0.0,1.320428729057312,file://secure_store\local_updates\dp_exponential_1781634007138.pt.enc,"{""agent"": ""dp-agent"", ""session_id"": ""sess-1781634001"", ""operation"": ""dp_process_update"", ""params"": {""clip_norm"": 1.0, ""clip_applied"": true, ""noise_multiplier"": 1.5, ""mechanism"": ""exponential"", ""l2_norm_before"": 11.344788551330566, ""l2_norm_after"": 514.572509765625, ""parent_receipt"": null}, ""outputs"": [""file://secure_store\\local_updates\\dp_exponential_1781634007138.pt.enc""], ""timestamp"": ""2026-06-16T18:20:07.164958Z"", ""signature"": ""jyW2CYx3Hr+8im2HhYi8UcaxMN4QIDfRI5+USM7pPp4=""}",file://C:\Users\DELL\Desktop\pipeline backup\BE-Major-Project\receipts\receipt_a1543f739bee4d6e9514071288682c99.json,base,C:\Users\DELL\Desktop\pipeline backup\BE-Major-Project\explain_logs\base_explain_1781634006246.txt,,,
sess-1781634001,exponential,2.0,11.344788551330566,384.8607177734375,33.92400977754454,0.6559589624939636,1.0,0.0,0.0,0.0,1.320428729057312,file://secure_store\local_updates\dp_exponential_1781634007198.pt.enc,"{""agent"": ""dp-agent"", ""session_id"": ""sess-1781634001"", ""operation"": ""dp_process_update"", ""params"": {""clip_norm"": 1.0, ""clip_applied"": true, ""noise_multiplier"": 2.0, ""mechanism"": ""exponential"", ""l2_norm_before"": 11.344788551330566, ""l2_norm_after"": 384.8607177734375, ""parent_receipt"": null}, ""outputs"": [""file://secure_store\\local_updates\\dp_exponential_1781634007198.pt.enc""], ""timestamp"": ""2026-06-16T18:20:07.226943Z"", ""signature"": ""c8SbxwDRhbjKmrQcpep+dECLWg6VAOYgxyoqLC73Tuw=""}",file://C:\Users\DELL\Desktop\pipeline backup\BE-Major-Project\receipts\receipt_2d114a6433aa4048bb871e3813377354.json,base,C:\Users\DELL\Desktop\pipeline backup\BE-Major-Project\explain_logs\base_explain_1781634006246.txt,,,
sess-1781634001,student_t,0.0,11.344788551330566,1.0000004768371582,0.08814624197043562,0.6287751844023702,1.0,0.0,0.0,0.0,1.320428729057312,file://secure_store\local_updates\dp_student_t_1781634007240.pt.enc,"{""agent"": ""dp-agent"", ""session_id"": ""sess-1781634001"", ""operation"": ""dp_process_update"", ""params"": {""clip_norm"": 1.0, ""clip_applied"": true, ""noise_multiplier"": 0.0, ""mechanism"": ""student_t"", ""l2_norm_before"": 11.344788551330566, ""l2_norm_after"": 1.0000004768371582, ""parent_receipt"": null}, ""outputs"": [""file://secure_store\\local_updates\\dp_student_t_1781634007240.pt.enc""], ""timestamp"": ""2026-06-16T18:20:07.267679Z"", ""signature"": ""UXrH8+z5cYvsu87dFbiMGT5pNYFweKvrOUNkiPW4Luw=""}",file://C:\Users\DELL\Desktop\pipeline backup\BE-Major-Project\receipts\receipt_52bb84bb88934d63b40bd5a802ad1329.json,base,C:\Users\DELL\Desktop\pipeline backup\BE-Major-Project\explain_logs\base_explain_1781634006246.txt,,,
sess-1781634001,student_t,0.5,11.344788551330566,303.6913146972656,26.769235345058778,0.6506009233050081,1.0,0.0,0.0,0.0,1.320428729057312,file://secure_store\local_updates\dp_student_t_1781634007312.pt.enc,"{""agent"": ""dp-agent"", ""session_id"": ""sess-1781634001"", ""operation"": ""dp_process_update"", ""params"": {""clip_norm"": 1.0, ""clip_applied"": true, ""noise_multiplier"": 0.5, ""mechanism"": ""student_t"", ""l2_norm_before"": 11.344788551330566, ""l2_norm_after"": 303.6913146972656, ""parent_receipt"": null}, ""outputs"": [""file://secure_store\\local_updates\\dp_student_t_1781634007312.pt.enc""], ""timestamp"": ""2026-06-16T18:20:07.340981Z"", ""signature"": ""k3LgAkPFzp4hB+i+3Vj6an1ZRSQrRFDcVuB193MHBgc=""}",file://C:\Users\DELL\Desktop\pipeline backup\BE-Major-Project\receipts\receipt_7781e7e18297434fb0daf3628b10e47b.json,base,C:\Users\DELL\Desktop\pipeline backup\BE-Major-Project\explain_logs\base_explain_1781634006246.txt,,,
sess-1781634001,student_t,1.0,11.344788551330566,608.1577758789062,53.60679690711133,0.6452771823717404,1.0,0.0,0.0,0.0,1.320428729057312,file://secure_store\local_updates\dp_student_t_1781634007378.pt.enc,"{""agent"": ""dp-agent"", ""session_id"": ""sess-1781634001"", ""operation"": ""dp_process_update"", ""params"": {""clip_norm"": 1.0, ""clip_applied"": true, ""noise_multiplier"": 1.0, ""mechanism"": ""student_t"", ""l2_norm_before"": 11.344788551330566, ""l2_norm_after"": 608.1577758789062, ""parent_receipt"": null}, ""outputs"": [""file://secure_store\\local_updates\\dp_student_t_1781634007378.pt.enc""], ""timestamp"": ""2026-06-16T18:20:07.407766Z"", ""signature"": ""aD8EpvTFDMCrI44CdLWf2DFNawl2jOIq37ZEWu2RsJs=""}",file://C:\Users\DELL\Desktop\pipeline backup\BE-Major-Project\receipts\receipt_8ce07377bb6043f3b9e6f35e57b9b545.json,base,C:\Users\DELL\Desktop\pipeline backup\BE-Major-Project\explain_logs\base_explain_1781634006246.txt,,,
sess-1781634001,student_t,1.5,11.344788551330566,909.316650390625,80.15280727324121,0.6472055465925508,1.0,0.0,0.0,0.0,1.320428729057312,file://secure_store\local_updates\dp_student_t_1781634007447.pt.enc,"{""agent"": ""dp-agent"", ""session_id"": ""sess-1781634001"", ""operation"": ""dp_process_update"", ""params"": {""clip_norm"": 1.0, ""clip_applied"": true, ""noise_multiplier"": 1.5, ""mechanism"": ""student_t"", ""l2_norm_before"": 11.344788551330566, ""l2_norm_after"": 909.316650390625, ""parent_receipt"": null}, ""outputs"": [""file://secure_store\\local_updates\\dp_student_t_1781634007447.pt.enc""], ""timestamp"": ""2026-06-16T18:20:07.476175Z"", ""signature"": ""N0Co7VyJSPKmtqHhpEx2DYka+aOIFvigmTsC82gshjI=""}",file://C:\Users\DELL\Desktop\pipeline backup\BE-Major-Project\receipts\receipt_e381af854c21401bba21ebf953676706.json,base,C:\Users\DELL\Desktop\pipeline backup\BE-Major-Project\explain_logs\base_explain_1781634006246.txt,,,
sess-1781634001,student_t,2.0,11.344788551330566,1213.2584228515625,106.94411951841289,0.6360723319163072,1.0,0.0,0.0,0.0,1.320428729057312,file://secure_store\local_updates\dp_student_t_1781634007510.pt.enc,"{""agent"": ""dp-agent"", ""session_id"": ""sess-1781634001"", ""operation"": ""dp_process_update"", ""params"": {""clip_norm"": 1.0, ""clip_applied"": true, ""noise_multiplier"": 2.0, ""mechanism"": ""student_t"", ""l2_norm_before"": 11.344788551330566, ""l2_norm_after"": 1213.2584228515625, ""parent_receipt"": null}, ""outputs"": [""file://secure_store\\local_updates\\dp_student_t_1781634007510.pt.enc""], ""timestamp"": ""2026-06-16T18:20:07.534012Z"", ""signature"": ""Bf8MV9Wr6Zcu72iNdC68kKHsaxh8HZo+rcoP5GlCc0g=""}",file://C:\Users\DELL\Desktop\pipeline backup\BE-Major-Project\receipts\receipt_adc33ae53b154746b021c496caff42d2.json,base,C:\Users\DELL\Desktop\pipeline backup\BE-Major-Project\explain_logs\base_explain_1781634006246.txt,,,
sess-1781634001,none,0.0,11.344788551330566,1.0000004768371582,0.08814624197043562,0.6549863790682862,1.0,0.0,0.0,0.0,1.320428729057312,file://secure_store\local_updates\dp_none_1781634007544.pt.enc,"{""agent"": ""dp-agent"", ""session_id"": ""sess-1781634001"", ""operation"": ""dp_process_update"", ""params"": {""clip_norm"": 1.0, ""clip_applied"": true, ""noise_multiplier"": 0.0, ""mechanism"": ""none"", ""l2_norm_before"": 11.344788551330566, ""l2_norm_after"": 1.0000004768371582, ""parent_receipt"": null}, ""outputs"": [""file://secure_store\\local_updates\\dp_none_1781634007544.pt.enc""], ""timestamp"": ""2026-06-16T18:20:07.570840Z"", ""signature"": ""lLSAtZ9yQBISPP8bQN7u9cZ+q5yCqdtKSM1g4Gto8ds=""}",file://C:\Users\DELL\Desktop\pipeline backup\BE-Major-Project\receipts\receipt_0bf5766acf364324932484800030f6c8.json,base,C:\Users\DELL\Desktop\pipeline backup\BE-Major-Project\explain_logs\base_explain_1781634006246.txt,,,
sess-1781634001,none,0.5,11.344788551330566,1.0000004768371582,0.08814624197043562,0.6493031845025015,1.0,0.0,0.0,0.0,1.320428729057312,file://secure_store\local_updates\dp_none_1781634007584.pt.enc,"{""agent"": ""dp-agent"", ""session_id"": ""sess-1781634001"", ""operation"": ""dp_process_update"", ""params"": {""clip_norm"": 1.0, ""clip_applied"": true, ""noise_multiplier"": 0.5, ""mechanism"": ""none"", ""l2_norm_before"": 11.344788551330566, ""l2_norm_after"": 1.0000004768371582, ""parent_receipt"": null}, ""outputs"": [""file://secure_store\\local_updates\\dp_none_1781634007584.pt.enc""], ""timestamp"": ""2026-06-16T18:20:07.609727Z"", ""signature"": ""Foey1zCV8EDfPE0JBYD78yKByV0Gm1YPUrN7+2PgyyA=""}",file://C:\Users\DELL\Desktop\pipeline backup\BE-Major-Project\receipts\receipt_3e25695e7b384ad49f23a8cba8dab4ab.json,base,C:\Users\DELL\Desktop\pipeline backup\BE-Major-Project\explain_logs\base_explain_1781634006246.txt,,,
sess-1781634001,none,1.0,11.344788551330566,1.0000004768371582,0.08814624197043562,0.640427436484539,1.0,0.0,0.0,0.0,1.320428729057312,file://secure_store\local_updates\dp_none_1781634007621.pt.enc,"{""agent"": ""dp-agent"", ""session_id"": ""sess-1781634001"", ""operation"": ""dp_process_update"", ""params"": {""clip_norm"": 1.0, ""clip_applied"": true, ""noise_multiplier"": 1.0, ""mechanism"": ""none"", ""l2_norm_before"": 11.344788551330566, ""l2_norm_after"": 1.0000004768371582, ""parent_receipt"": null}, ""outputs"": [""file://secure_store\\local_updates\\dp_none_1781634007621.pt.enc""], ""timestamp"": ""2026-06-16T18:20:07.648764Z"", ""signature"": ""4JwQ1IhsA7FByPVFpdGEU21ZKI83sm8TmF8v4INbfH4=""}",file://C:\Users\DELL\Desktop\pipeline backup\BE-Major-Project\receipts\receipt_64d4aad87b2d453e94e77d3d30b55b30.json,base,C:\Users\DELL\Desktop\pipeline backup\BE-Major-Project\explain_logs\base_explain_1781634006246.txt,,,
sess-1781634001,none,1.5,11.344788551330566,1.0000004768371582,0.08814624197043562,0.6280539141415715,1.0,0.0,0.0,0.0,1.320428729057312,file://secure_store\local_updates\dp_none_1781634007660.pt.enc,"{""agent"": ""dp-agent"", ""session_id"": ""sess-1781634001"", ""operation"": ""dp_process_update"", ""params"": {""clip_norm"": 1.0, ""clip_applied"": true, ""noise_multiplier"": 1.5, ""mechanism"": ""none"", ""l2_norm_before"": 11.344788551330566, ""l2_norm_after"": 1.0000004768371582, ""parent_receipt"": null}, ""outputs"": [""file://secure_store\\local_updates\\dp_none_1781634007660.pt.enc""], ""timestamp"": ""2026-06-16T18:20:07.686780Z"", ""signature"": ""+GhdGQF0hGWQt8G+hApLrOQE29FDfcyYyTrRz6XPZfo=""}",file://C:\Users\DELL\Desktop\pipeline backup\BE-Major-Project\receipts\receipt_ea5ba09205c64e8cba03661a31d71912.json,base,C:\Users\DELL\Desktop\pipeline backup\BE-Major-Project\explain_logs\base_explain_1781634006246.txt,,,
sess-1781634001,none,2.0,11.344788551330566,1.0000004768371582,0.08814624197043562,0.6589767380850866,1.0,0.0,0.0,0.0,1.320428729057312,file://secure_store\local_updates\dp_none_1781634007700.pt.enc,"{""agent"": ""dp-agent"", ""session_id"": ""sess-1781634001"", ""operation"": ""dp_process_update"", ""params"": {""clip_norm"": 1.0, ""clip_applied"": true, ""noise_multiplier"": 2.0, ""mechanism"": ""none"", ""l2_norm_before"": 11.344788551330566, ""l2_norm_after"": 1.0000004768371582, ""parent_receipt"": null}, ""outputs"": [""file://secure_store\\local_updates\\dp_none_1781634007700.pt.enc""], ""timestamp"": ""2026-06-16T18:20:07.727770Z"", ""signature"": ""t24n9YZL8FG9KMZSi5ew77C8ez9+8f3cbQZLaBXKaHo=""}",file://C:\Users\DELL\Desktop\pipeline backup\BE-Major-Project\receipts\receipt_91c4098f6c724f58a7692875074992f0.json,base,C:\Users\DELL\Desktop\pipeline backup\BE-Major-Project\explain_logs\base_explain_1781634006246.txt,,,
